LogID,Timestamp,Approach,ServerID,ResponseTime,Utilization,TaskLoad,TotalTasks,AlgorithmUsed,SimulationID
1762636371003800,1762636371.0038,RoundRobin,Server-2,1.199170092495729,22.93897638192057,13.39,2,RR,
1762636371108321,1762636371.1083212,RoundRobin,Server-7,1.140386862637124,21.92004182005828,6.05,2,RR,
1762636370874800,1762636370.8747995,RoundRobin,Server-16,1.0315806771603826,29.22,29.22,1,RR,
1762636371003800,1762636371.0038,RoundRobin,Server-2,1.199170092495729,22.938976381920572,13.39,2,RR,
1762636371108321,1762636371.1083212,RoundRobin,Server-7,1.140386862637124,21.920041820058277,6.05,2,RR,
1762636371130454,1762636371.130454,RoundRobin,Server-8,1.3087638992481965,28.99206967472609,17.63,2,RR,
1762636371172436,1762636371.1724358,RoundRobin,Server-10,1.0726301353614036,21.37022941730856,7.35,2,RR,
1762636371257885,1762636371.2578847,RoundRobin,Server-14,0.7670275778672171,18.13922800954612,11.72,2,RR,
1762636371492085,1762636371.492085,RoundRobin,Server-5,1.0564244638730858,31.27834600466437,10.1,3,RR,
1762636371871253,1762636371.8712535,RoundRobin,Server-3,0.878322856061541,21.12094926420141,5.69,4,RR,
1762636372268727,1762636372.2687273,RoundRobin,Server-2,1.1919021344063283,38.74400167749256,11.31,5,RR,
1762636372623540,1762636372.6235397,RoundRobin,Server-19,1.3074629161840678,30.96593017878976,21.16,5,RR,
1762636384197826,1762636384.197826,ACO,Server-7,0.7547384425988095,29.22,29.22,1,ACO,
1762636384332577,1762636384.3325765,ACO,Server-10,0.5831489670927116,19.66270027086725,13.39,2,ACO,
1762636384399252,1762636384.3992524,ACO,Server-20,0.6923896997854788,28.75851973494137,19.49,2,ACO,
1762636384444312,1762636384.444312,ACO,Server-13,0.569702337242334,13.435745967430629,6.05,3,ACO,
1762636384639416,1762636384.6394162,ACO,Server-5,0.6710019685448732,23.33719016247028,17.71,2,ACO,
1762636384661282,1762636384.6612816,ACO,Server-10,0.8546928385941557,91.73245314596387,75.88,4,ACO,
1762636384769230,1762636384.7692304,ACO,Server-11,0.6294917395250084,20.69687807556889,15.48,2,ACO,
1762636384790528,1762636384.7905276,ACO,Server-17,0.919681637850832,23.125368967771852,6.99,5,ACO,
1762636384833596,1762636384.8335958,ACO,Server-5,0.6717327893843712,20.123658264467306,10.1,3,ACO,
1762636384855415,1762636384.855415,ACO,Server-5,0.6938881572926804,30.49904552092049,15.4,4,ACO,
1762636384920462,1762636384.9204624,ACO,Server-11,0.7576519335092553,60.85441652936032,48.11,3,ACO,
1762636385008041,1762636385.0080414,ACO,Server-9,0.6969512017839558,21.14643736996541,7.04,3,ACO,
1762636385162610,1762636385.1626098,ACO,Server-9,1.1260820981314934,15.039999999999996,15.04,6,ACO,
1762636385700181,1762636385.7001815,ACO,Server-9,1.0840840866337431,56.07529493339087,6.54,22,ACO,
1762636385767312,1762636385.7673123,ACO,Server-2,0.9217105885941996,41.43503424627978,12.36,4,ACO,
1762636385973712,1762636385.9737115,ACO,Server-20,0.735925713082516,31.88155893162232,12.18,3,ACO,
1762636386105063,1762636386.105063,ACO,Server-1,0.947378050893953,53.94914780638664,21.16,3,ACO,
1762636370559030,1762636370.5590303,RoundRobin,Server-1,0.9118197014728541,22.95,22.95,1,RR,
1762636370579985,1762636370.579985,RoundRobin,Server-2,1.3497899295706048,38.16,38.16,1,RR,
1762636370601458,1762636370.601458,RoundRobin,Server-3,0.7556850172670967,13.52,13.52,1,RR,
1762636370621867,1762636370.621867,RoundRobin,Server-4,0.7816929363384787,18.0,18.0,1,RR,
1762636370643330,1762636370.6433303,RoundRobin,Server-5,0.88172106294604,23.42,23.42,1,RR,
1762636370663896,1762636370.6638963,RoundRobin,Server-6,1.8676714873020674,74.5,74.5,1,RR,
1762636370685366,1762636370.685366,RoundRobin,Server-7,1.3138186015106053,42.42,42.42,1,RR,
1762636370706455,1762636370.7064552,RoundRobin,Server-8,1.4529810266389196,52.78,52.78,1,RR,
1762636370727643,1762636370.7276425,RoundRobin,Server-9,0.7656780837097478,14.42,14.42,1,RR,
1762636370748512,1762636370.748512,RoundRobin,Server-10,1.1372306701345423,36.8,36.8,1,RR,
1762636370770143,1762636370.770143,RoundRobin,Server-11,0.6301465448590602,6.52,6.52,1,RR,
1762636370791027,1762636370.7910266,RoundRobin,Server-12,0.9349630607009294,22.05,22.05,1,RR,
1762636370812003,1762636370.8120034,RoundRobin,Server-13,1.8232902115085818,71.02,71.02,1,RR,
1762636370832834,1762636370.8328338,RoundRobin,Server-14,0.7299342892261648,14.67,14.67,1,RR,
1762636370853625,1762636370.853625,RoundRobin,Server-15,0.8600364779798165,16.41,16.41,1,RR,
1762636370874800,1762636370.8747997,RoundRobin,Server-16,1.0315806771603826,29.220000000000002,29.22,1,RR,
1762636370895949,1762636370.8959486,RoundRobin,Server-17,0.6745462855018218,8.07,8.07,1,RR,
1762636370917048,1762636370.9170475,RoundRobin,Server-18,0.8602215763860378,16.38,16.38,1,RR,
1762636370938667,1762636370.9386673,RoundRobin,Server-19,1.0119774014204714,21.61,21.61,1,RR,
1762636370959738,1762636370.9597378,RoundRobin,Server-20,1.109738301641174,25.730000000000004,25.73,1,RR,
1762636370982673,1762636370.9826727,RoundRobin,Server-1,1.0310304542522697,37.91618160055897,22.97,2,RR,
1762636371003800,1762636371.0038,RoundRobin,Server-2,1.199170092495729,22.938976381920575,13.39,2,RR,
1762636371024828,1762636371.024828,RoundRobin,Server-3,0.83174794546376,16.89641679812049,7.53,2,RR,
1762636371045647,1762636371.0456471,RoundRobin,Server-4,1.358148871922194,63.2425729689271,50.88,2,RR,
1762636371066989,1762636371.0669887,RoundRobin,Server-5,1.016488657372118,28.00882176808775,19.49,2,RR,
1762636371087476,1762636371.0874763,RoundRobin,Server-6,1.6029332608041162,36.970997234596936,8.18,2,RR,
1762636371108321,1762636371.1083212,RoundRobin,Server-7,1.1403868626371239,21.920041820058273,6.05,2,RR,
1762636371130454,1762636371.130454,RoundRobin,Server-8,1.3087638992481965,28.992069674726086,17.63,2,RR,
1762636371151624,1762636371.1516242,RoundRobin,Server-9,1.0456522583925307,40.23662035311371,32.39,2,RR,
1762636371172436,1762636371.1724358,RoundRobin,Server-10,1.0726301353614036,21.370229417308558,7.35,2,RR,
1762636371194336,1762636371.1943364,RoundRobin,Server-11,1.2751279576043968,66.46563259671893,63.03,2,RR,
1762636371215858,1762636371.2158575,RoundRobin,Server-12,1.3634128230517204,57.85880176574042,52.04,2,RR,
1762636371236545,1762636371.2365446,RoundRobin,Server-13,2.0641736306469385,81.79520646379092,59.23,2,RR,
1762636371257885,1762636371.2578847,RoundRobin,Server-14,0.7670275778672171,18.139228009546116,11.72,2,RR,
1762636371279091,1762636371.2790906,RoundRobin,Server-15,1.3211005096252142,58.595372139058775,49.03,2,RR,
1762636371299583,1762636371.2995834,RoundRobin,Server-16,0.9725445147416001,24.96448075327066,17.71,2,RR,
1762636371320315,1762636371.3203154,RoundRobin,Server-17,1.3877502740356347,80.62677220375437,75.88,2,RR,
1762636371341548,1762636371.3415484,RoundRobin,Server-18,2.0978795703504587,0.0,96.57,2,RR,
1762636371362771,1762636371.3627713,RoundRobin,Server-19,0.8780427547331537,12.837195724708856,8.28,2,RR,
1762636371384979,1762636371.3849792,RoundRobin,Server-20,1.2281020476336741,37.236067330403685,19.4,2,RR,
1762636371407347,1762636371.407347,RoundRobin,Server-1,1.3182543197678755,61.87190836824007,38.36,3,RR,
1762636371428780,1762636371.4287803,RoundRobin,Server-2,1.159265673981503,28.893805860630493,15.48,3,RR,
1762636371450364,1762636371.450364,RoundRobin,Server-3,0.8800690092578068,20.582988184929235,6.99,3,RR,
1762636371471032,1762636371.4710321,RoundRobin,Server-4,1.8027587488071533,94.3377040569886,63.48,3,RR,
1762636371492085,1762636371.492085,RoundRobin,Server-5,1.0564244638730858,31.278346004664375,10.1,3,RR,
1762636371513080,1762636371.5130796,RoundRobin,Server-6,1.5291937838255585,45.874182263333445,15.4,3,RR,
1762636371534050,1762636371.5340505,RoundRobin,Server-7,1.0973399330069908,26.55858417017263,6.55,3,RR,
1762636371554637,1762636371.5546372,RoundRobin,Server-8,1.3496020636532815,42.96755101871578,24.4,3,RR,
1762636371575258,1762636371.5752575,RoundRobin,Server-9,1.3341410673133949,62.87031278237388,48.11,3,RR,
1762636371596464,1762636371.5964637,RoundRobin,Server-10,1.078040580541054,33.15766916170058,15.32,3,RR,
1762636371617870,1762636371.6178696,RoundRobin,Server-11,1.2976994869659924,38.91483985817287,13.76,3,RR,
1762636371639074,1762636371.6390743,RoundRobin,Server-12,1.8569908915693691,0.0,77.25,3,RR,
1762636371659424,1762636371.6594238,RoundRobin,Server-13,1.9813128822116308,60.42160328747725,7.04,3,RR,
1762636371680731,1762636371.6807313,RoundRobin,Server-14,1.0583962705648096,54.24738449168014,39.83,3,RR,
1762636371701764,1762636371.701764,RoundRobin,Server-15,1.3975749725677122,59.3472729721123,19.39,3,RR,
1762636371722990,1762636371.72299,RoundRobin,Server-16,1.2329289514862742,72.40050861190986,57.9,3,RR,
1762636371743446,1762636371.743446,RoundRobin,Server-17,1.4538921795448452,60.11698304389754,7.41,3,RR,
1762636371764908,1762636371.7649078,RoundRobin,Server-18,1.6280499727263154,6.909999999999999,6.91,3,RR,
1762636371785517,1762636371.7855167,RoundRobin,Server-19,1.4915465296506702,0.0,94.19,3,RR,
1762636371806685,1762636371.8066852,RoundRobin,Server-20,1.3321036135943565,45.73475319934633,15.04,3,RR,
1762636371829717,1762636371.8297172,RoundRobin,Server-1,1.4432413570303546,60.44817707835837,20.09,4,RR,
1762636371850187,1762636371.850187,RoundRobin,Server-2,1.1464550496302681,33.08692678869818,9.79,4,RR,
1762636371871253,1762636371.8712535,RoundRobin,Server-3,0.878322856061541,21.120949264201414,5.69,4,RR,
1762636371892110,1762636371.8921099,RoundRobin,Server-4,1.8426910451028444,70.59675542061792,9.13,4,RR,
1762636371913222,1762636371.9132223,RoundRobin,Server-5,1.1468859507368308,50.172515410456185,23.82,4,RR,
1762636371933794,1762636371.9337945,RoundRobin,Server-6,1.7536490538544647,91.33794361444738,54.64,4,RR,
1762636371954515,1762636371.9545155,RoundRobin,Server-7,1.781056750606128,0.0,95.48,4,RR,
1762636371975165,1762636371.975165,RoundRobin,Server-8,1.4267796593224598,52.592730353480896,24.39,4,RR,
1762636371996622,1762636371.996622,RoundRobin,Server-9,1.3213788799879542,38.07316113953641,12.06,4,RR,
1762636372017480,1762636372.0174801,RoundRobin,Server-10,1.1717170261056802,54.97849003516494,31.64,4,RR,
1762636372038992,1762636372.0389917,RoundRobin,Server-11,1.2755159576930901,38.39886513937973,8.29,4,RR,
1762636372059836,1762636372.0598364,RoundRobin,Server-12,1.6586215154553934,23.36,23.36,4,RR,
1762636372080427,1762636372.0804274,RoundRobin,Server-13,2.3471214354362258,0.0,52.16,4,RR,
1762636372101017,1762636372.1010165,RoundRobin,Server-14,1.325542926519847,74.7093743500904,51.06,4,RR,
1762636372121686,1762636372.1216857,RoundRobin,Server-15,1.5929331542248764,76.10091817782516,25.19,4,RR,
1762636372142602,1762636372.142602,RoundRobin,Server-16,1.2156026110242868,33.94025192697101,5.22,4,RR,
1762636372163692,1762636372.1636922,RoundRobin,Server-17,1.7517140886417248,97.31212602511846,40.89,4,RR,
1762636372184712,1762636372.1847117,RoundRobin,Server-18,1.4262884466374666,15.8692521670486,11.73,4,RR,
1762636372205488,1762636372.2054877,RoundRobin,Server-19,1.3380964063367384,20.86,20.86,4,RR,
1762636372226210,1762636372.2262096,RoundRobin,Server-20,1.4176856209756534,58.46000858411162,24.43,4,RR,
1762636372247994,1762636372.2479937,RoundRobin,Server-1,1.5527692355281892,67.26224903675273,22.44,5,RR,
1762636372268727,1762636372.2687273,RoundRobin,Server-2,1.1919021344063283,38.744001677492555,11.31,5,RR,
1762636372289263,1762636372.2892632,RoundRobin,Server-3,0.9071900076589354,23.82094674857573,5.6,5,RR,
1762636372309784,1762636372.3097837,RoundRobin,Server-4,1.8700928186722443,70.5355844765735,6.54,5,RR,
1762636372330812,1762636372.3308122,RoundRobin,Server-5,1.2290820440495642,47.97494079064045,9.0,5,RR,
1762636372351629,1762636372.3516293,RoundRobin,Server-6,1.8381361581776148,81.75812118238494,24.79,5,RR,
1762636372372523,1762636372.372523,RoundRobin,Server-7,1.579774941883494,12.36,12.36,5,RR,
1762636372393607,1762636372.393607,RoundRobin,Server-8,1.5194151220295748,71.69136452635371,37.65,5,RR,
1762636372414137,1762636372.4141371,RoundRobin,Server-9,1.4465429811559374,64.09722739969385,31.98,5,RR,
1762636372434880,1762636372.43488,RoundRobin,Server-10,1.3067094500519256,59.73608911600569,18.66,5,RR,
1762636372456590,1762636372.45659,RoundRobin,Server-11,1.3381771014627843,48.87731553899092,16.78,5,RR,
1762636372477514,1762636372.477514,RoundRobin,Server-12,1.5926599792586105,38.438228746325855,22.15,5,RR,
1762636372498529,1762636372.4985287,RoundRobin,Server-13,2.0288570025486394,12.18,12.18,5,RR,
1762636372519195,1762636372.5191946,RoundRobin,Server-14,1.3887047638820298,51.65055441349517,17.66,5,RR,
1762636372540086,1762636372.5400863,RoundRobin,Server-15,1.7154057930256124,79.01103016725514,12.24,5,RR,
1762636372561064,1762636372.5610642,RoundRobin,Server-16,1.3212728500415332,59.10826051648391,28.93,5,RR,
1762636372582789,1762636372.5827887,RoundRobin,Server-17,2.2855169065217504,0.0,46.08,5,RR,
1762636372603161,1762636372.6031609,RoundRobin,Server-18,1.3504440211706663,27.05216908248587,14.98,5,RR,
1762636372623540,1762636372.6235397,RoundRobin,Server-19,1.3074629161840678,30.965930178789762,21.16,5,RR,
1762636372644769,1762636372.6447687,RoundRobin,Server-20,1.4827603670514828,69.47643289555492,24.74,5,RR,
1762636383861240,1762636383.8612404,ACO,Server-5,0.703943748781409,22.95,22.95,1,ACO,
1762636383883338,1762636383.8833377,ACO,Server-1,0.8864062087358624,38.16,38.16,1,ACO,
1762636383904879,1762636383.904879,ACO,Server-6,0.5286117795174469,13.52,13.52,1,ACO,
1762636383927876,1762636383.9278755,ACO,Server-11,0.6434556611365835,18.0,18.0,1,ACO,
1762636383950035,1762636383.950035,ACO,Server-12,0.6883889700865908,23.42,23.42,1,ACO,
1762636383971707,1762636383.9717069,ACO,Server-3,1.2944808066165316,74.5,74.5,1,ACO,
1762636383993330,1762636383.9933295,ACO,Server-8,0.9203803842381545,42.42,42.42,1,ACO,
1762636384015664,1762636384.0156636,ACO,Server-19,1.0308414829341048,52.78,52.78,1,ACO,
1762636384038357,1762636384.038357,ACO,Server-10,0.5775136412471689,14.42,14.42,1,ACO,
1762636384060488,1762636384.0604875,ACO,Server-14,0.8393547851134544,36.8,36.8,1,ACO,
1762636384084043,1762636384.084043,ACO,Server-15,0.4757421777451542,6.52,6.52,1,ACO,
1762636384106523,1762636384.106523,ACO,Server-17,0.7243994718683204,22.05,22.05,1,ACO,
1762636384128615,1762636384.1286147,ACO,Server-2,1.1993428216457407,71.02,71.02,1,ACO,
1762636384151987,1762636384.1519873,ACO,Server-13,0.535401987413476,14.67,14.67,1,ACO,
1762636384173730,1762636384.1737301,ACO,Server-4,0.556943574903598,16.41,16.41,1,ACO,
1762636384197826,1762636384.197826,ACO,Server-7,0.7547384425988095,29.220000000000002,29.22,1,ACO,
1762636384219357,1762636384.2193568,ACO,Server-18,0.5465372211688905,8.07,8.07,1,ACO,
1762636384242210,1762636384.2422101,ACO,Server-20,0.6355654414575873,16.38,16.38,1,ACO,
1762636384264219,1762636384.2642193,ACO,Server-16,0.6836346035210777,21.61,21.61,1,ACO,
1762636384286628,1762636384.2866278,ACO,Server-9,0.7558174618213235,25.730000000000004,25.73,1,ACO,
1762636384310257,1762636384.3102574,ACO,Server-18,0.6185601031129342,27.83448815715987,22.97,2,ACO,
1762636384332577,1762636384.3325765,ACO,Server-10,0.5831489670927116,19.662700270867255,13.39,2,ACO,
1762636384354743,1762636384.3547432,ACO,Server-15,0.5237845193504954,11.661412824384296,7.53,2,ACO,
1762636384376977,1762636384.3769767,ACO,Server-15,0.6891748073005483,58.65340387165324,50.88,3,ACO,
1762636384399252,1762636384.3992524,ACO,Server-20,0.6923896997854788,28.758519734941366,19.49,2,ACO,
1762636384421668,1762636384.4216676,ACO,Server-13,0.5608424053929135,13.44703218301956,8.18,2,ACO,
1762636384444312,1762636384.4443119,ACO,Server-13,0.569702337242334,13.435745967430627,6.05,3,ACO,
1762636384465034,1762636384.465034,ACO,Server-4,0.6487667600432838,25.18821922330046,17.63,2,ACO,
1762636384487224,1762636384.4872236,ACO,Server-13,0.6278629748209755,41.311562957923485,32.39,4,ACO,
1762636384508057,1762636384.5080566,ACO,Server-12,0.6207166266255416,16.017749522066204,7.35,2,ACO,
1762636384530928,1762636384.5309281,ACO,Server-4,0.8735489732671148,80.97605411446798,63.03,3,ACO,
1762636384553139,1762636384.5531387,ACO,Server-12,0.76740317161746,64.50234167677269,52.04,3,ACO,
1762636384575150,1762636384.5751498,ACO,Server-7,0.9216331884808148,65.44515162306753,59.23,2,ACO,
1762636384596896,1762636384.5968964,ACO,Server-10,0.6083556991265733,23.60989288566922,11.72,3,ACO,
1762636384617677,1762636384.6176772,ACO,Server-18,0.8101777411731268,60.01862552946683,49.03,3,ACO,
1762636384639416,1762636384.6394162,ACO,Server-5,0.6710019685448732,23.337190162470282,17.71,2,ACO,
1762636384661282,1762636384.6612816,ACO,Server-10,0.8546928385941557,91.73245314596389,75.88,4,ACO,
1762636384682143,1762636384.6821427,ACO,Server-17,1.3399811932156167,0.0,96.57,2,ACO,
1762636384704813,1762636384.7048125,ACO,Server-17,1.0587919367825782,8.28,8.28,3,ACO,
1762636384726717,1762636384.726717,ACO,Server-17,0.9636500962335798,23.279847308803525,19.4,4,ACO,
1762636384748044,1762636384.7480443,ACO,Server-14,0.9097284409257875,49.265515831911415,38.36,2,ACO,
1762636384769230,1762636384.7692304,ACO,Server-11,0.6294917395250084,20.696878075568886,15.48,2,ACO,
1762636384790528,1762636384.7905276,ACO,Server-17,0.919681637850832,23.125368967771855,6.99,5,ACO,
1762636384811882,1762636384.8118823,ACO,Server-17,0.9827123142655628,83.50144800559482,63.48,6,ACO,
1762636384833596,1762636384.8335958,ACO,Server-5,0.6717327893843712,20.123658264467302,10.1,3,ACO,
1762636384855415,1762636384.8554153,ACO,Server-5,0.6938881572926804,30.499045520920486,15.4,4,ACO,
1762636384876245,1762636384.8762448,ACO,Server-17,0.9781501151105971,42.831809188952406,6.55,7,ACO,
1762636384898205,1762636384.898205,ACO,Server-5,0.7619798094808348,49.950661959786856,24.4,5,ACO,
1762636384920462,1762636384.9204624,ACO,Server-11,0.7576519335092553,60.854416529360314,48.11,3,ACO,
1762636384941020,1762636384.9410205,ACO,Server-16,0.7155615852002125,25.197732978996072,15.32,2,ACO,
1762636384964129,1762636384.9641294,ACO,Server-9,0.737346348348441,23.64383061082343,13.76,2,ACO,
1762636384985571,1762636384.9855714,ACO,Server-16,0.9664294006724039,91.07773930034767,77.25,3,ACO,
1762636385008041,1762636385.0080414,ACO,Server-9,0.6969512017839558,21.146437369965412,7.04,3,ACO,
1762636385031404,1762636385.0314035,ACO,Server-9,0.8154654290681994,58.17161376578366,39.83,4,ACO,
1762636385053513,1762636385.0535133,ACO,Server-6,0.6319386228726422,27.42734093153938,19.39,2,ACO,
1762636385075227,1762636385.0752275,ACO,Server-6,0.7942452804706472,72.77116395543308,57.9,3,ACO,
1762636385096665,1762636385.0966654,ACO,Server-16,0.9298423133478565,40.67421033797021,7.41,4,ACO,
1762636385118876,1762636385.118876,ACO,Server-6,0.8786048180025774,55.67713643435239,6.91,4,ACO,
1762636385140778,1762636385.1407776,ACO,Server-9,1.2248813521386233,0.0,94.19,5,ACO,
1762636385162610,1762636385.1626098,ACO,Server-9,1.1260820981314934,15.039999999999997,15.04,6,ACO,
1762636385185838,1762636385.1858377,ACO,Server-9,1.0787781973222776,29.066731977775746,20.09,7,ACO,
1762636385207619,1762636385.2076194,ACO,Server-9,1.0423364787446718,31.961792691718628,9.79,8,ACO,
1762636385229961,1762636385.2299614,ACO,Server-11,0.7632100974642335,28.26742742864236,5.69,4,ACO,
1762636385251287,1762636385.2512867,ACO,Server-9,1.0232047906429225,33.434857526864256,9.13,9,ACO,
1762636385273340,1762636385.2733402,ACO,Server-9,1.0121569858070532,51.37673240801834,23.82,10,ACO,
1762636385296332,1762636385.296332,ACO,Server-9,1.0592242628680972,89.44568303691156,54.64,11,ACO,
1762636385318705,1762636385.3187048,ACO,Server-6,1.4824911030167176,0.0,95.48,5,ACO,
1762636385341855,1762636385.3418548,ACO,Server-6,1.3615098465977125,24.39,24.39,6,ACO,
1762636385363621,1762636385.3636208,ACO,Server-6,1.2655426439945063,25.257039721871603,12.06,7,ACO,
1762636385385375,1762636385.3853745,ACO,Server-6,1.2313227916191716,48.12109710951975,31.64,8,ACO,
1762636385409831,1762636385.4098308,ACO,Server-8,0.8350465185554858,27.057120139485296,8.29,2,ACO,
1762636385431563,1762636385.4315627,ACO,Server-9,1.067566991909777,74.83106862978494,23.36,12,ACO,
1762636385453424,1762636385.4534242,ACO,Server-8,0.9486225102335121,73.34519282304835,52.16,3,ACO,
1762636385476515,1762636385.4765148,ACO,Server-9,1.1908893708878827,0.0,51.06,13,ACO,
1762636385498486,1762636385.4984863,ACO,Server-9,1.156989328660012,25.19,25.19,14,ACO,
1762636385520351,1762636385.5203512,ACO,Server-9,1.1158494177781437,12.970085029947864,5.22,15,ACO,
1762636385542861,1762636385.5428607,ACO,Server-9,1.1094993860740643,50.31950339640739,40.89,16,ACO,
1762636385565386,1762636385.5653856,ACO,Server-9,1.097325682654284,37.29038958608872,11.73,17,ACO,
1762636385587645,1762636385.5876453,ACO,Server-9,1.0910576718965368,49.11524181651949,20.86,18,ACO,
1762636385609886,1762636385.6098862,ACO,Server-8,1.0285526843140174,67.42297360737486,24.43,4,ACO,
1762636385634632,1762636385.6346323,ACO,Server-9,1.0958803561273853,58.85091437599716,22.44,19,ACO,
1762636385656222,1762636385.656222,ACO,Server-9,1.0928764800559434,53.68375792289086,11.31,20,ACO,
1762636385677621,1762636385.6776206,ACO,Server-9,1.0868379419496155,53.977360875175926,5.6,21,ACO,
1762636385700181,1762636385.7001815,ACO,Server-9,1.0840840866337433,56.075294933390865,6.54,22,ACO,
1762636385722908,1762636385.7229083,ACO,Server-2,0.9531858270835556,24.589094846109752,9.0,2,ACO,
1762636385744623,1762636385.7446232,ACO,Server-2,0.938765013608471,45.72950323454564,24.79,3,ACO,
1762636385767312,1762636385.7673123,ACO,Server-2,0.9217105885941995,41.435034246279784,12.36,4,ACO,
1762636385789366,1762636385.7893655,ACO,Server-2,0.9740602289540572,73.9414266181808,37.65,5,ACO,
1762636385811791,1762636385.8117912,ACO,Server-19,1.0690867169974072,53.263671408082814,31.98,2,ACO,
1762636385834069,1762636385.8340693,ACO,Server-2,1.0124143728505415,65.48052181342474,18.66,6,ACO,
1762636385856841,1762636385.8568406,ACO,Server-8,1.042508904139962,66.80829336570446,16.78,5,ACO,
1762636385940239,1762636385.9402392,ACO,Server-8,1.0822146207426735,76.13485014769294,22.15,6,ACO,
1762636385973712,1762636385.9737117,ACO,Server-20,0.735925713082516,31.881558931622322,12.18,3,ACO,
1762636385994109,1762636385.9941094,ACO,Server-20,0.7846456291205778,40.410888546927424,17.66,4,ACO,
1762636386015785,1762636386.0157855,ACO,Server-3,1.0024776187994608,30.764269008865973,12.24,2,ACO,
1762636386038545,1762636386.0385451,ACO,Server-1,0.933753652355104,52.54481812904491,28.93,2,ACO,
1762636386061154,1762636386.061154,ACO,Server-20,0.899197070373525,77.86633862269747,46.08,5,ACO,
1762636386082582,1762636386.0825825,ACO,Server-3,0.9815370047219917,39.717993223135096,14.98,3,ACO,
1762636386105063,1762636386.105063,ACO,Server-1,0.947378050893953,53.949147806386634,21.16,3,ACO,
1762636386127172,1762636386.1271725,ACO,Server-9,1.0886480284459765,76.72635524105254,24.74,23,ACO,
1762636396889611,1762636396.8896105,Hybrid,Server-11,0.6180940960250422,22.95,22.95,1,ACO,
1762636396935469,1762636396.9354692,Hybrid,Server-1,0.7698761790228079,38.16,38.16,1,ACO,
1762636396980807,1762636396.9808066,Hybrid,Server-1,0.9407983681133573,25.889410522199885,13.52,2,RR,
1762636397026410,1762636397.0264103,Hybrid,Server-9,0.5876541785106439,18.0,18.0,1,ACO,
1762636397073489,1762636397.0734894,Hybrid,Server-20,0.7316707228412782,23.42,23.42,1,ACO,
1762636397116996,1762636397.1169958,Hybrid,Server-2,1.999108836421848,74.5,74.5,1,RR,
1762636397164477,1762636397.164477,Hybrid,Server-3,1.334181830018181,42.42,42.42,1,RR,
1762636397209182,1762636397.2091823,Hybrid,Server-15,0.961401256515834,52.78,52.78,1,ACO,
1762636397255159,1762636397.255159,Hybrid,Server-6,0.6078311122276434,14.42,14.42,1,ACO,
1762636397300076,1762636397.3000755,Hybrid,Server-4,1.1652932832833696,36.8,36.8,1,RR,
1762636397348476,1762636397.348476,Hybrid,Server-5,0.6268562639453376,6.52,6.52,1,RR,
1762636397392665,1762636397.3926647,Hybrid,Server-6,0.7882871828321927,27.329717295170887,22.05,2,RR,
1762636397437665,1762636397.4376655,Hybrid,Server-7,1.1422683894726862,71.02,71.02,1,ACO,
1762636397482639,1762636397.4826386,Hybrid,Server-12,0.631586747076004,14.67,14.67,1,ACO,
1762636397525131,1762636397.525131,Hybrid,Server-10,0.6435200048985028,16.41,16.41,1,ACO,
1762636397569923,1762636397.569923,Hybrid,Server-8,0.81478345385347,29.220000000000002,29.22,1,ACO,
1762636397671461,1762636397.671461,Hybrid,Server-13,0.5386088423173131,8.07,8.07,1,ACO,
1762636397721806,1762636397.7218056,Hybrid,Server-14,0.6224040233661725,16.38,16.38,1,ACO,
1762636397765346,1762636397.7653458,Hybrid,Server-13,0.6094601670807016,23.273543668942295,21.61,2,ACO,
1762636397811333,1762636397.8113332,Hybrid,Server-17,0.7170981249887748,25.730000000000004,25.73,1,ACO,
1762636397857431,1762636397.8574314,Hybrid,Server-7,1.471417813498785,70.25860008077493,22.97,2,RR,
1762636397901170,1762636397.9011703,Hybrid,Server-19,0.545336328098614,13.390000000000002,13.39,1,ACO,
1762636397946405,1762636397.9464054,Hybrid,Server-8,0.8111822504183841,19.218610910136697,7.53,2,RR,
1762636397990927,1762636397.9909275,Hybrid,Server-9,1.1361090094950939,57.737115953094516,50.88,2,RR,
1762636398035342,1762636398.0353425,Hybrid,Server-16,0.6601427503469173,19.49,19.49,1,ACO,
1762636398080774,1762636398.0807738,Hybrid,Server-18,0.5284096337099887,8.18,8.18,1,ACO,
1762636398125570,1762636398.1255698,Hybrid,Server-13,0.5968714843931411,13.386485421636332,6.05,3,ACO,
1762636398169195,1762636398.169195,Hybrid,Server-12,0.6388305319414517,20.795383175505872,17.63,2,ACO,
1762636398213196,1762636398.2131963,Hybrid,Server-10,1.0223861654093236,39.881053018336395,32.39,2,RR,
1762636398257830,1762636398.2578304,Hybrid,Server-18,0.5533752258581537,11.349850977766161,7.35,2,ACO,
1762636398304123,1762636398.304123,Hybrid,Server-11,1.3101680146466939,73.6538498220936,63.03,2,RR,
1762636398349349,1762636398.3493485,Hybrid,Server-16,0.8286669300452469,57.90677898923763,52.04,2,ACO,
1762636398394769,1762636398.394769,Hybrid,Server-13,0.7535675750795423,68.6333812506566,59.23,4,ACO,
1762636398438679,1762636398.4386787,Hybrid,Server-12,0.7452324710866157,23.58551778906621,11.72,3,RR,
1762636398483415,1762636398.483415,Hybrid,Server-13,0.9982266176205561,79.42882887522663,49.03,5,RR,
1762636398527142,1762636398.5271418,Hybrid,Server-14,0.8668758526581986,26.044978844496697,17.71,2,RR,
1762636398570578,1762636398.5705776,Hybrid,Server-15,1.8998334262307492,0.0,75.88,2,RR,
1762636398614772,1762636398.6147716,Hybrid,Server-15,1.8423225907882852,96.57,96.57,3,ACO,
1762636398659144,1762636398.6591437,Hybrid,Server-18,0.574321505056075,16.44856534528951,8.28,3,ACO,
1762636398704666,1762636398.7046661,Hybrid,Server-5,0.6708418431948028,23.285513009868133,19.4,2,ACO,
1762636398749308,1762636398.7493083,Hybrid,Server-16,1.2821716408353514,77.0848438150919,38.36,3,RR,
1762636398792928,1762636398.7929277,Hybrid,Server-5,0.6913959079165114,28.997579858232054,15.48,3,ACO,
1762636398839363,1762636398.8393629,Hybrid,Server-19,0.5855471056091172,13.344064131771713,6.99,2,ACO,
1762636398884296,1762636398.8842962,Hybrid,Server-17,1.4113499552339313,76.40330349487067,63.48,2,RR,
1762636398930080,1762636398.9300802,Hybrid,Server-19,0.616964362395818,20.5862578831257,10.1,3,ACO,
1762636398975341,1762636398.9753408,Hybrid,Server-18,0.6716072079087962,28.331848367883318,15.4,4,RR,
1762636399018984,1762636399.0189836,Hybrid,Server-19,0.7261239481819228,23.813896179120082,6.55,4,RR,
1762636399062999,1762636399.0629985,Hybrid,Server-20,0.9817148648241466,38.83895882475818,24.4,2,RR,
1762636399106945,1762636399.1069448,Hybrid,Server-5,0.8360797714030734,68.35227530924956,48.11,4,ACO,
1762636399152765,1762636399.1527646,Hybrid,Server-19,0.7439369056967295,36.93418367788519,15.32,5,ACO,
1762636399199453,1762636399.1994534,Hybrid,Server-18,0.6829781791182112,34.51825451260616,13.76,5,ACO,
1762636399245667,1762636399.245667,Hybrid,Server-12,0.9648046507804247,94.22062096849976,77.25,4,ACO,
1762636399290163,1762636399.2901633,Hybrid,Server-1,0.9623521740063055,22.415557146801817,7.04,3,RR,
1762636399334641,1762636399.334641,Hybrid,Server-2,1.9797631016972497,80.77034303563829,39.83,2,RR,
1762636399378283,1762636399.3782828,Hybrid,Server-3,1.3927806997672978,41.66981455956092,19.39,2,RR,
1762636399421765,1762636399.4217649,Hybrid,Server-4,1.5194114796053404,77.91947927159163,57.9,2,RR,
1762636399466379,1762636399.4663794,Hybrid,Server-5,0.9321727370370777,40.55786095783574,7.41,5,RR,
1762636399510159,1762636399.5101593,Hybrid,Server-6,0.8393555357946157,25.748579457366095,6.91,3,RR,
1762636399555832,1762636399.555832,Hybrid,Server-18,0.9592555891080057,0.0,94.19,6,ACO,
1762636399602017,1762636399.6020167,Hybrid,Server-18,0.9054001616583461,15.039999999999997,15.04,7,ACO,
1762636399648196,1762636399.6481965,Hybrid,Server-18,0.8904950222958696,30.455731462973358,20.09,8,ACO,
1762636399692958,1762636399.6929579,Hybrid,Server-14,0.790279883685083,23.154374060530806,9.79,3,ACO,
1762636399737834,1762636399.7378342,Hybrid,Server-7,1.5379134585382968,66.45741401018374,5.69,3,RR,
1762636399782197,1762636399.782197,Hybrid,Server-8,0.8657259444141543,22.65230016791749,9.13,3,RR,
1762636399828170,1762636399.82817,Hybrid,Server-18,0.8772702490797168,38.542942162530984,23.82,9,ACO,
1762636399872482,1762636399.8724823,Hybrid,Server-9,1.3458382960785797,71.77262923652657,54.64,3,RR,
1762636399916804,1762636399.9168036,Hybrid,Server-10,1.8084445783956618,0.0,95.48,3,RR,
1762636399959942,1762636399.9599419,Hybrid,Server-11,1.5606898555923543,78.71858928995155,24.39,3,RR,
1762636400005565,1762636400.0055654,Hybrid,Server-12,1.1784814090859315,76.54580218295378,12.06,5,RR,
1762636400048386,1762636400.0483863,Hybrid,Server-13,1.2758772489444645,92.70738217382899,31.64,6,RR,
1762636400096343,1762636400.096343,Hybrid,Server-14,0.8280773548661949,23.785445177129645,8.29,4,RR,
1762636400140431,1762636400.1404312,Hybrid,Server-15,1.9061294064039302,82.26308854729602,23.36,4,RR,
1762636400185268,1762636400.1852677,Hybrid,Server-16,1.799373759705825,0.0,52.16,4,RR,
1762636400229482,1762636400.2294822,Hybrid,Server-17,1.5958986377229742,81.5130629177778,51.06,3,RR,
1762636400273874,1762636400.2738743,Hybrid,Server-18,0.945799905362275,55.084362119396715,25.19,10,RR,
1762636400317209,1762636400.3172095,Hybrid,Server-19,0.8371429268939344,36.35534389496298,5.22,6,RR,
1762636400361187,1762636400.3611872,Hybrid,Server-20,1.263543191073701,64.36693281318738,40.89,3,RR,
1762636400406317,1762636400.4063168,Hybrid,Server-1,0.9891543436326706,28.774475685184864,11.73,4,RR,
1762636400450418,1762636400.4504175,Hybrid,Server-2,2.020463716906547,88.72704783348581,20.86,3,RR,
1762636400493288,1762636400.4932883,Hybrid,Server-3,1.502280556787423,59.63079335768815,24.43,3,RR,
1762636400538826,1762636400.5388262,Hybrid,Server-4,1.595627415260341,61.44212620714933,22.44,3,RR,
1762636400583219,1762636400.5832193,Hybrid,Server-5,1.0056894615137844,47.13137718504096,11.31,6,RR,
1762636400627968,1762636400.627968,Hybrid,Server-16,1.5324510287503115,5.6,5.6,5,ACO,
1762636400672270,1762636400.6722698,Hybrid,Server-6,0.8848264110569626,28.847593792312626,6.54,4,RR,
1762636400717402,1762636400.7174025,Hybrid,Server-16,1.363932906656691,10.914987780748707,9.0,6,ACO,
1762636400764047,1762636400.764047,Hybrid,Server-7,1.7661681636215136,87.54348788576155,24.79,4,RR,
1762636400877492,1762636400.8774917,Hybrid,Server-8,0.9451141772418665,30.28233647946604,12.36,4,RR,
1762636400922112,1762636400.922112,Hybrid,Server-9,1.4517834225963844,72.97864317108036,37.65,4,RR,
1762636400965120,1762636400.9651198,Hybrid,Server-10,1.6156983902657327,31.980000000000004,31.98,4,RR,
1762636401008491,1762636401.0084908,Hybrid,Server-11,1.7365989612300519,88.59734046074108,18.66,4,RR,
1762636401055185,1762636401.055185,Hybrid,Server-16,1.2598907980421046,23.651421887876573,16.78,7,ACO,
1762636401099171,1762636401.099171,Hybrid,Server-12,1.3997437889696591,89.68500002010234,22.15,6,RR,
1762636401144742,1762636401.1447418,Hybrid,Server-13,1.400390732600408,89.38234770367484,12.18,7,RR,
1762636401189980,1762636401.1899798,Hybrid,Server-16,1.2121410433248652,36.08062660074303,17.66,8,ACO,
1762636401235171,1762636401.2351708,Hybrid,Server-14,0.8304923272214237,30.731094956648004,12.24,5,ACO,
1762636401280049,1762636401.2800493,Hybrid,Server-16,1.1874152298705425,57.54947221764567,28.93,9,ACO,
1762636401325821,1762636401.3258212,Hybrid,Server-16,1.1910573129003357,82.32303113511956,46.08,10,ACO,
1762636401370996,1762636401.3709962,Hybrid,Server-14,0.8407130141116679,38.74980712924237,14.98,6,ACO,
1762636401415631,1762636401.4156306,Hybrid,Server-14,0.9148014474786893,48.79967717888324,21.16,7,RR,
1762636401460120,1762636401.4601202,Hybrid,Server-16,1.2052588772066086,76.8417616695713,24.74,11,ACO,
